graph,descriptor,fingerprint,lead_time,smiles
0.0030682803175190636,0.026125734957034828,0.02933322558023595,2.06498599052,O=c3sc(=Cc2ccc(OCc1ccc(B(O)O)cc1)cc2)c(=O)n3Cc4ccc(F)cc4
