graph,descriptor,fingerprint,lead_time,smiles
0.2831159211930555,0.9987199780264583,0.24374952082848966,1.91634202003,C=P(C)(C)c1ccccc1Nc4nc(Nc3ccc2CNCCc2c3)ncc4Cl
