graph,descriptor,fingerprint,lead_time,smiles
0.8053026051897482,0.03824785158885394,0.06574890414715998,2.3161149025,O=C1CCCc3c1[nH]c4cccc(OCc2cccc(Cl)c2)c34
